INSERT INTO Nations (Id, Name )
VALUES 
(0, ' - '),
( 1,  'Австралия' ),
( 2,  'Австрия' ),
( 3,  'Азербайджан' ),
( 4,  'Албания' ),
( 5,  'Алжир' ),
( 6,  'Ангола' ),
( 7,  'Андорра' ),
( 8,  'Антигуа и Барбуда' ),
( 9,  'Аргентина' ),
( 10,  'Армения' ),
( 11,  'Афганистан' ),
( 12,  'Багамы' ),
( 13,  'Бангладеш' ),
( 14,  'Барбадос' ),
( 15,  'Бахрейн' ),
( 16,  'Беларусь' ),
( 17,  'Белиз' ),
( 18,  'Бельгия' ),
( 19,  'Бенин' ),
( 20,  'Болгария' ),
( 21,  'Боливия' ),
( 22,  'Босния и Герцеговина' ),
( 23,  'Ботсвана' ),
( 24,  'Бразилия' ),
( 25,  'Бруней' ),
( 26,  'Буркина-Фасо' ),
( 27,  'Бурунди' ),
( 28,  'Бутан' ),
( 29,  'Вануату' ),
( 30,  'Великобритания' ),
( 31,  'Венгрия' ),
( 32,  'Венесуэла' ),
( 33,  'Восточный Тимор' ),
( 34,  'Вьетнам' ),
( 35,  'Габон' ),
( 36,  'Гаити' ),
( 37,  'Гайана' ),
( 38,  'Гамбия' ),
( 39,  'Гана' ),
( 40,  'Гватемала' ),
( 41,  'Гвинея' ),
( 42,  'Гвинея-Бисау' ),
( 43,  'Германия' ),
( 44,  'Гондурас' ),
( 45,  'Гренада' ),
( 46,  'Греция' ),
( 47,  'Грузия' ),
( 48,  'Дания' ),
( 49,  'Джибути' ),
( 50,  'Доминика' ),
( 51,  'Доминикана' ),
( 52,  'Египет' ),
( 53,  'Замбия' ),
( 54,  'Зимбабве' ),
( 55,  'Израиль' ),
( 56,  'Индия' ),
( 57,  'Индонезия' ),
( 58,  'Иордания' ),
( 59,  'Ирак' ),
( 60,  'Иран' ),
( 61,  'Ирландия' ),
( 62,  'Исландия' ),
( 63,  'Испания' ),
( 64,  'Италия' ),
( 65,  'Йемен' ),
( 66,  'Кабо-Верде' ),
( 67,  'Казахстан' ),
( 68,  'Камбоджа' ),
( 69,  'Камерун' ),
( 70,  'Канада' ),
( 71,  'Катар' ),
( 72,  'Кения' ),
( 73,  'Кипр' ),
( 74,  'Кирибати' ),
( 75,  'Китай' ),
( 76,  'Колумбия' ),
( 77,  'Коморы' ),
( 78,  'Конго' ),
( 79,  'ДР Конго' ),
( 80,  'КНДР' ),
( 81,  'Корея' ),
( 82,  'Коста-Рика' ),
( 83,  'Кот-д’Ивуар' ),
( 84,  'Куба' ),
( 85,  'Кувейт' ),
( 86,  'Кыргызстан' ),
( 87,  'Лаос' ),
( 88,  'Латвия' ),
( 89,  'Лесото' ),
( 90,  'Либерия' ),
( 91,  'Ливан' ),
( 92,  'Ливия' ),
( 93,  'Литва' ),
( 94,  'Лихтенштейн' ),
( 95,  'Люксембург' ),
( 96,  'Маврикий' ),
( 97,  'Мавритания' ),
( 98,  'Мадагаскар' ),
( 99,  'Малави' ),
( 100,  'Малайзия' ),
( 101,  'Мали' ),
( 102,  'Мальдивы' ),
( 103,  'Мальта' ),
( 104,  'Марокко' ),
( 105,  'Маршалловы Острова' ),
( 106,  'Мексика' ),
( 107,  'Микронезия' ),
( 108,  'Мозамбик' ),
( 109,  'Молдова' ),
( 110,  'Монако' ),
( 111,  'Монголия' ),
( 112,  'Мьянма' ),
( 113,  'Намибия' ),
( 114,  'Науру' ),
( 115,  'Непал' ),
( 116,  'Нигер' ),
( 117,  'Нигерия' ),
( 118,  'Нидерланды' ),
( 119,  'Никарагуа' ),
( 120,  'Новая Зеландия' ),
( 121,  'Норвегия' ),
( 122,  'ОАЭ' ),
( 123,  'Оман' ),
( 124,  'Пакистан' ),
( 125,  'Палау' ),
( 126,  'Панама' ),
( 127,  'Папуа — Новая Гвинея' ),
( 128,  'Парагвай' ),
( 129,  'Перу' ),
( 130,  'Польша' ),
( 131,  'Португалия' ),
( 132,  'Россия' ),
( 133,  'Руанда' ),
( 134,  'Румыния' ),
( 135,  'Сальвадор' ),
( 136,  'Самоа' ),
( 137,  'Сан-Марино' ),
( 138,  'Сан-Томе и Принсипи' ),
( 139,  'Саудовская Аравия' ),
( 140,  'Северная Македония' ),
( 141,  'Сейшелы' ),
( 142,  'Сенегал' ),
( 143,  'Сент-Винсент и Гренадины' ),
( 144,  'Сент-Китс и Невис' ),
( 145,  'Сент-Люсия' ),
( 146,  'Сербия' ),
( 147,  'Сингапур' ),
( 148,  'Сирия' ),
( 149,  'Словакия' ),
( 150,  'Словения' ),
( 151,  'США' ),
( 152,  'Соломоновы Острова' ),
( 153,  'Сомали' ),
( 154,  'Судан' ),
( 155,  'Суринам' ),
( 156,  'Сьерра-Леоне' ),
( 157,  'Таджикистан' ),
( 158,  'Таиланд' ),
( 159,  'Танзания' ),
( 160,  'Того' ),
( 161,  'Тонга' ),
( 162,  'Тринидад и Тобаго' ),
( 163,  'Тувалу' ),
( 164,  'Тунис' ),
( 165,  'Туркменистан' ),
( 166,  'Турция' ),
( 167,  'Уганда' ),
( 168,  'Узбекистан' ),
( 169,  'Украина' ),
( 170,  'Уругвай' ),
( 171,  'Фиджи' ),
( 172,  'Филиппины' ),
( 173,  'Финляндия' ),
( 174,  'Франция' ),
( 175,  'Хорватия' ),
( 176,  'ЦАР' ),
( 177,  'Чад' ),
( 178,  'Черногория' ),
( 179,  'Чехия' ),
( 180,  'Чили' ),
( 181,  'Швейцария' ),
( 182,  'Швеция' ),
( 183,  'Шри-Ланка' ),
( 184,  'Эквадор' ),
( 185,  'Экваториальная Гвинея' ),
( 186,  'Эритрея' ),
( 187,  'Эсватини' ),
( 188,  'Эстония' ),
( 189,  'Эфиопия' ),
( 190,  'ЮАР' ),
( 191,  'Южный Судан' ),
( 192,  'Ямайка' ),
( 193,  'Япония' );

INSERT INTO Names (Family, Given) 
VALUES  
('Шварценеггер', 'Арнольд'), 
('Стетхем', 'Джейсон'), 
('Гослинг', 'Райан'), 
('Борисов', 'Юра'),
('Нагиев', 'Дмитрий'),
('Пачино', 'Аль'),
(' Янкович', 'Эл'),
('Нильсен', 'Лесли '),
('Безруков', 'Сергей '),
('Хабенский', 'Константин '),
('Янковский', 'Иван'),
('Лавров', 'Андрей '),
('Николас ', 'Кейдж'),
('Швайгер', 'Тиль '),
('Рено', 'Жан');


INSERT INTO Actors (Nameid, Nationid, Number, Honorar ) 
VALUES 
(1, 151, 86, 15),
(2, 30, 64, 5),
(3, 70, 57, 4),
(4, 132, 70, 1),
(5, 132, 129, 2),
(6 , 151 , 211 , 12),
(7 , 151 , 308 , 3),
(8 , 151 , 324 , 5),
(9 , 132 , 141 , 1.5),
(10 , 132 , 174 , 2),
(11 , 132 , 42 , 1),
(12 , 132 , 43 , 0.7),
(13 , 151 , 262 , 1),
(14 , 43 , 132 , 2),
(15 , 63 , 163 , 7);



